{
    "a0": 3426.89,
    "b0": -3476.32, 
    "c0": 0.10182, 
    "sigma": 40.296,
    "mu": 24.3823,

    "a1": 57782.4,
    "t1": 0.000653566, 
    "a2": 7473.2, 
    "t2": 0.016498, 
    "a3": 0.001, 
    "t3": 2.87915e-05, 
    "a4": 455714, 
    "t4": 0.000119424, 

    "verbose": "True", 
    "eventscale": 1, 
    "noisescale": 1, 
    "spacesigma": 0.00021233045007200478, 
    "start_time": -1, 
    "start_x": -1, 
    "start_y": -1, 
    "saveID": "None",
    "dataSaveID": "None"
}